epoch,vloss,vMSE,vr2
1,0.3520315,0.07812193705224037,-0.0034381210802236772
2,0.24415345,0.07812193705224037,-0.02252623441436996
3,0.048879027,0.07812193705224037,-0.015497668717332713
