epoch,vloss,vMSE,vr2
1,0.19833231,0.0773195546864503,-0.0006572492526148999
