epoch,vloss,vMSE,vr2
1,0.19833231,0.07746530608050847,-0.0006572492526148999
2,0.0006982745,0.07746530608050847,-0.002543540368031172
