epoch,vloss,vMSE,vr2
1,0.3520315,0.08338234613630251,-0.0034381210802236772
2,0.24415345,0.08338234613630251,-0.02252623441436996
3,0.048879027,0.08338234613630251,-0.015497668717332713
4,0.12654313,0.08338234613630251,-0.0001468033340543684
5,0.0006254739,0.08338234613630251,-0.0010211035155522907
6,7.89578e-05,0.08338234613630251,-0.05278644069621641
7,0.08100021,0.08338234613630251,-0.083877094048177
